<?xml version="1.0" encoding="UTF-8"?>
<jcr:root xmlns:sling="http://sling.apache.org/jcr/sling/1.0" xmlns:cq="http://www.day.com/jcr/cq/1.0" xmlns:jcr="http://www.jcp.org/jcr/1.0" xmlns:nt="http://www.jcp.org/jcr/nt/1.0"
    jcr:primaryType="sling:OrderedFolder">
    <jcr:content
        cq:conf="/conf/wknd-muzik"
        jcr:primaryType="nt:unstructured"
        jcr:title="WKND MUZIK">
        <folderThumbnail/>
    </jcr:content>
    <asset.jpg/>
    <AdobeStock_-18.jpg/>
    <AdobeStock_-7.jpg/>
    <AdobeStock_-20.jpg/>
    <Intersection_x0020_1.jpg/>
    <AdobeStock_-12.jpg/>
    <Intersection_x0020_-1.jpg/>
    <Intersection_x0020_-2.jpg/>
    <Intersection_x0020_5.jpg/>
    <Photo_x0020_-3.jpg/>
    <Photo_x0020_-1.jpg/>
    <Photo_x0020_-2.jpg/>
    <Young_x0020_african-american_x0020_jazz_x0020_musician_x0020_playing_x0020_the_x0020_saxophone_x0020_on_x0020_blue_x0020_studio_x0020_background_x0020_in_x0020_trendy_x0020_neon_x0020_light._x0020_Concept_x0020_of_x0020_music_x002c__x0020_hobby._x0020_Joyful_x0020_attractive_x0020_guy_x0020_improvising.jpg/>
    <Watching_x0020_online_x0020_concert_x0020_at_x0020_home_x0020_by_x0020_smartphone._x0020_Live_x0020_stream_x0020_music_x0020_video.jpg/>
    <Young_x0020_caucasian_x0020_musicians_x002c__x0020_band_x0020_performing_x0020_on_x0020_blue_x0020_studio_x0020_background_x0020_in_x0020_neon_x0020_light._x0020_Concept_x0020_of_x0020_music_x002c__x0020_hobby_x002c__x0020_festival._x0020_Colorful_x0020_portrait_x0020_of_x0020_modern_x0020_artist._x0020_Attented_x0020_and_x0020_inspired._x0020_A.jpg/>
    <Summertime._x0020_Young_x0020_female_x0020_musician_x0020_in_x0020_headphones_x0020_performing_x0020_on_x0020_purple_x0020_background_x0020_in_x0020_neon_x0020_light._x0020_Concept_x0020_of_x0020_music_x002c__x0020_hobby_x002c__x0020_festival_x002c__x0020_entertainment_x002c__x0020_emotions._x0020_Joyful_x0020_party_x0020_host_x002c__x0020_DJ_x002c__x0020_.jpg/>
    <Summertime._x0020_Young_x0020_female_x0020_musician_x0020_in_x0020_headphones_x0020_performing_x0020_on_x0020_purple_x0020_background_x0020_in_x0020_neon_x0020_light._x0020_Concept_x0020_of_x0020_music_x002c__x0020_hobby_x002c__x0020_festival_x002c__x0020_entertainment_x002c__x0020_emotions._x0020_Joyful_x0020_party_x0020_host_x002c__x0020_DJ_x002c__x0020_p.jpg/>
    <Section_x0020_1-Teaser.jpg/>
</jcr:root>
