<?xml version="1.0" encoding="UTF-8"?>
<jcr:root xmlns:sling="http://sling.apache.org/jcr/sling/1.0" xmlns:cq="http://www.day.com/jcr/cq/1.0" xmlns:jcr="http://www.jcp.org/jcr/1.0" xmlns:nt="http://www.jcp.org/jcr/nt/1.0" xmlns:rep="internal"
    jcr:mixinTypes="[rep:AccessControllable]"
    jcr:primaryType="cq:Page">
    <rep:policy/>
    <wknd-muzik jcr:primaryType="nt:unstructured">
        <components jcr:primaryType="nt:unstructured">
            <form jcr:primaryType="nt:unstructured">
                <container jcr:primaryType="nt:unstructured">
                    <form-container
                        jcr:description="Allows the form components to be dropped into this form container."
                        jcr:primaryType="nt:unstructured"
                        jcr:title="Content Form"
                        sling:resourceType="wcm/core/components/policy/policy"
                        components="[/apps/wknd-muzik/components/form/button,/apps/wknd-muzik/components/form/hidden,/apps/wknd-muzik/components/form/options,/apps/wknd-muzik/components/form/text]">
                        <jcr:content
                            cq:lastReplicated="{Date}2020-10-12T12:42:33.250Z"
                            cq:lastReplicatedBy="raf.winterpacht@icfnext.com"
                            cq:lastReplicationAction="Activate"
                            jcr:mixinTypes="[cq:ReplicationStatus]"
                            jcr:primaryType="nt:unstructured"/>
                    </form-container>
                </container>
            </form>
            <languagenavigation jcr:primaryType="nt:unstructured">
                <policy_xfm
                    jcr:primaryType="nt:unstructured"
                    jcr:title="WKND MUZIK Language Navigation - Experience Fragment"
                    sling:resourceType="wcm/core/components/policy/policy"
                    navigationRoot="/content/wknd-muzik"
                    structureDepth="1">
                    <jcr:content jcr:primaryType="nt:unstructured"/>
                </policy_xfm>
            </languagenavigation>
            <image jcr:primaryType="nt:unstructured">
                <policy_651483963895698
                    jcr:description="- Enable lazy loading for faster page loading.&#xd;&#xa;- Define allowed image widths for automatic loading of the image in the most optimal resolution, given the size at which each image is displayed on the page, and the visitor's pixel density.&#xd;&#xa;- Disallow direct asset upload, to force authors to first upload the images to Assets."
                    jcr:primaryType="nt:unstructured"
                    jcr:title="Content Image"
                    sling:resourceType="wcm/core/components/policy/policy"
                    allowedRenditionWidths="[320,480,600,800,1024,1200,1600]"
                    allowUpload="false"
                    altValueFromDAM="true"
                    disableLazyLoading="false"
                    displayPopupTitle="true"
                    isDecorative="false"
                    jpegQuality="{Long}85"
                    titleValueFromDAM="true"
                    uuidDisabled="true">
                    <jcr:content
                        cq:lastReplicated="{Date}2020-10-12T12:42:33.250Z"
                        cq:lastReplicatedBy="raf.winterpacht@icfnext.com"
                        cq:lastReplicationAction="Activate"
                        jcr:mixinTypes="[cq:ReplicationStatus]"
                        jcr:primaryType="nt:unstructured"/>
                    <plugins jcr:primaryType="nt:unstructured">
                        <crop
                            jcr:primaryType="nt:unstructured"
                            features="*">
                            <aspectRatios jcr:primaryType="nt:unstructured">
                                <item0
                                    jcr:primaryType="nt:unstructured"
                                    name="Wide Landscape"
                                    ratio="0.6180"/>
                                <item1
                                    jcr:primaryType="nt:unstructured"
                                    name="Landscape"
                                    ratio="0.8284"/>
                                <item2
                                    jcr:primaryType="nt:unstructured"
                                    name="Square"
                                    ratio="1"/>
                                <item3
                                    jcr:primaryType="nt:unstructured"
                                    name="Portrait"
                                    ratio="1.6180"/>
                            </aspectRatios>
                        </crop>
                        <rotate
                            jcr:primaryType="nt:unstructured"
                            features="right"/>
                        <flip
                            jcr:primaryType="nt:unstructured"
                            features="-"/>
                    </plugins>
                </policy_651483963895698>
            </image>
            <text jcr:primaryType="nt:unstructured">
                <policy_641562756958017
                    jcr:lastModified="{Date}2020-10-16T19:32:34.794Z"
                    jcr:lastModifiedBy="Sushma.Garg@icfnext.com"
                    jcr:primaryType="nt:unstructured"
                    jcr:title="Content Text"
                    sling:resourceType="wcm/core/components/policy/policy">
                    <jcr:content
                        cq:lastReplicated="{Date}2020-10-16T19:43:21.078Z"
                        cq:lastReplicatedBy="patrick.mcloughlin@icfolson.com"
                        cq:lastReplicationAction="Activate"
                        jcr:mixinTypes="[cq:ReplicationStatus]"
                        jcr:primaryType="nt:unstructured"/>
                    <rtePlugins jcr:primaryType="nt:unstructured">
                        <paraformat
                            jcr:primaryType="nt:unstructured"
                            features="*">
                            <formats
                                jcr:primaryType="nt:unstructured"
                                override="true">
                                <item0
                                    jcr:primaryType="nt:unstructured"
                                    description="Paragraph"
                                    tag="p"/>
                                <item1
                                    jcr:primaryType="nt:unstructured"
                                    description="Quote"
                                    tag="blockquote"/>
                                <item2
                                    jcr:primaryType="nt:unstructured"
                                    description="Preformatted"
                                    tag="pre"/>
                            </formats>
                        </paraformat>
                        <misctools
                            jcr:primaryType="nt:unstructured"
                            features="-">
                            <specialCharsConfig jcr:primaryType="nt:unstructured">
                                <chars
                                    jcr:primaryType="nt:unstructured"
                                    override="true">
                                    <item0
                                        jcr:primaryType="nt:unstructured"
                                        entity="&amp;copy;"
                                        name="copyright"/>
                                    <item1
                                        jcr:primaryType="nt:unstructured"
                                        entity="&amp;euro;"
                                        name="euro"/>
                                    <item2
                                        jcr:primaryType="nt:unstructured"
                                        entity="&amp;reg;"
                                        name="registered"/>
                                    <item3
                                        jcr:primaryType="nt:unstructured"
                                        entity="&amp;trade;"
                                        name="trademark"/>
                                </chars>
                            </specialCharsConfig>
                        </misctools>
                        <edit
                            jcr:primaryType="nt:unstructured"
                            features="-"/>
                        <findreplace
                            jcr:primaryType="nt:unstructured"
                            features="-"/>
                        <undo
                            jcr:primaryType="nt:unstructured"
                            features="-"/>
                        <spellcheck
                            jcr:primaryType="nt:unstructured"
                            features="-"/>
                        <image
                            jcr:primaryType="nt:unstructured"
                            features="-"/>
                        <table
                            jcr:primaryType="nt:unstructured"
                            features="-"/>
                        <lists
                            jcr:primaryType="nt:unstructured"
                            features="*"/>
                        <justify
                            jcr:primaryType="nt:unstructured"
                            features="*"/>
                        <format
                            jcr:primaryType="nt:unstructured"
                            features="bold,italic"/>
                        <links
                            jcr:primaryType="nt:unstructured"
                            features="modifylink,unlink"/>
                        <subsuperscript
                            jcr:primaryType="nt:unstructured"
                            features="-"/>
                    </rtePlugins>
                </policy_641562756958017>
            </text>
            <title jcr:primaryType="nt:unstructured">
                <policy_641475696923109
                    jcr:description="Allows only H1 and disallows links for the main page title."
                    jcr:lastModified="{Date}2020-10-16T14:09:25.036Z"
                    jcr:lastModifiedBy="Sushma.Garg@icfnext.com"
                    jcr:primaryType="nt:unstructured"
                    jcr:title="Page Title"
                    sling:resourceType="wcm/core/components/policy/policy"
                    allowedTypes="h1"
                    linkDisabled="true"
                    type="h1">
                    <jcr:content
                        cq:lastReplicated="{Date}2020-10-16T19:45:08.200Z"
                        cq:lastReplicatedBy="patrick.mcloughlin@icfolson.com"
                        cq:lastReplicationAction="Activate"
                        jcr:mixinTypes="[cq:ReplicationStatus]"
                        jcr:primaryType="nt:unstructured"/>
                    <cq:styleGroups jcr:primaryType="nt:unstructured">
                        <item0 jcr:primaryType="nt:unstructured">
                            <cq:styles jcr:primaryType="nt:unstructured">
                                <item0
                                    cq:styleClasses="sr-only"
                                    cq:styleId="1602857354951"
                                    cq:styleLabel="Hide page title"
                                    jcr:primaryType="nt:unstructured"/>
                            </cq:styles>
                        </item0>
                    </cq:styleGroups>
                </policy_641475696923109>
                <policy_641528232375303
                    jcr:description="Allows all sizes, but not H1, which is reserved for the main page title. "
                    jcr:lastModified="{Date}2020-10-16T19:29:54.396Z"
                    jcr:lastModifiedBy="Sushma.Garg@icfnext.com"
                    jcr:primaryType="nt:unstructured"
                    jcr:title="Content Title"
                    sling:resourceType="wcm/core/components/policy/policy"
                    allowedTypes="[h2,h3,h4,h5,h6]"
                    linkDisabled="false"
                    type="h2">
                    <jcr:content
                        cq:lastReplicated="{Date}2020-10-16T19:43:21.078Z"
                        cq:lastReplicatedBy="patrick.mcloughlin@icfolson.com"
                        cq:lastReplicationAction="Activate"
                        jcr:mixinTypes="[cq:ReplicationStatus]"
                        jcr:primaryType="nt:unstructured"/>
                    <cq:styleGroups jcr:primaryType="nt:unstructured">
                        <item0 jcr:primaryType="nt:unstructured">
                            <cq:styles jcr:primaryType="nt:unstructured">
                                <item0
                                    cq:styleClasses="cmp-title--pseudo-h1"
                                    cq:styleId="1602863998855"
                                    cq:styleLabel="Pseudo Heading H1"
                                    jcr:primaryType="nt:unstructured"/>
                            </cq:styles>
                        </item0>
                        <item1
                            cq:styleGroupLabel="Text Transformation"
                            jcr:primaryType="nt:unstructured">
                            <cq:styles jcr:primaryType="nt:unstructured">
                                <item0
                                    cq:styleClasses="cmp-title--uppercase"
                                    cq:styleId="1602863998856"
                                    cq:styleLabel="Uppercase"
                                    jcr:primaryType="nt:unstructured"/>
                            </cq:styles>
                        </item1>
                        <item2
                            cq:styleGroupLabel="Alignment"
                            jcr:primaryType="nt:unstructured">
                            <cq:styles jcr:primaryType="nt:unstructured">
                                <item0
                                    cq:styleClasses="cmp-title--center"
                                    cq:styleId="1602864003467"
                                    cq:styleLabel="Center"
                                    jcr:primaryType="nt:unstructured"/>
                                <item1
                                    cq:styleClasses="cmp-title--right"
                                    cq:styleId="1602864007983"
                                    cq:styleLabel="Right"
                                    jcr:primaryType="nt:unstructured"/>
                            </cq:styles>
                        </item2>
                    </cq:styleGroups>
                </policy_641528232375303>
            </title>
            <experiencefragment jcr:primaryType="nt:unstructured">
                <policy_header
                    cq:styleDefaultElement="header"
                    jcr:description="Sets a &lt;header> element on the page header experience fragment."
                    jcr:primaryType="nt:unstructured"
                    jcr:title="Page Header"
                    sling:resourceType="wcm/core/components/policy/policy">
                    <jcr:content
                        cq:lastReplicated="{Date}2020-10-12T12:42:33.250Z"
                        cq:lastReplicatedBy="raf.winterpacht@icfnext.com"
                        cq:lastReplicationAction="Activate"
                        jcr:mixinTypes="[cq:ReplicationStatus]"
                        jcr:primaryType="nt:unstructured"/>
                </policy_header>
                <policy_footer
                    cq:styleDefaultElement="footer"
                    jcr:description="Sets a &lt;footer> element on the page footer experience fragment."
                    jcr:primaryType="nt:unstructured"
                    jcr:title="Page Footer"
                    sling:resourceType="wcm/core/components/policy/policy">
                    <jcr:content
                        cq:lastReplicated="{Date}2020-10-12T12:42:33.250Z"
                        cq:lastReplicatedBy="raf.winterpacht@icfnext.com"
                        cq:lastReplicationAction="Activate"
                        jcr:mixinTypes="[cq:ReplicationStatus]"
                        jcr:primaryType="nt:unstructured"/>
                </policy_footer>
            </experiencefragment>
            <container jcr:primaryType="nt:unstructured">
                <policy_1574694950110
                    jcr:description="Allows the template components and defines the component mapping (this configures what components should be automatically created when authors drop assets from the content finder to the page editor)."
                    jcr:primaryType="nt:unstructured"
                    jcr:title="Page Root"
                    sling:resourceType="wcm/core/components/policy/policy"
                    components="[group:WKND MUZIK - Content,/apps/wknd-muzik/components/form/container,group:WKND MUZIK - Structure]">
                    <jcr:content
                        cq:lastReplicated="{Date}2020-10-12T12:42:33.250Z"
                        cq:lastReplicatedBy="raf.winterpacht@icfnext.com"
                        cq:lastReplicationAction="Activate"
                        jcr:mixinTypes="[cq:ReplicationStatus]"
                        jcr:primaryType="nt:unstructured"/>
                    <cq:authoring jcr:primaryType="nt:unstructured">
                        <assetToComponentMapping jcr:primaryType="nt:unstructured">
                            <mapping_1575024218483
                                jcr:primaryType="nt:unstructured"
                                assetGroup="media"
                                assetMimetype="image/*"
                                droptarget="image"
                                resourceType="wknd-muzik/components/image"/>
                            <mapping_1575030843388
                                jcr:primaryType="nt:unstructured"
                                assetGroup="content"
                                assetMimetype="text/html"
                                droptarget="experiencefragment"
                                resourceType="wknd-muzik/components/experiencefragment"/>
                            <mapping_1575030853128
                                jcr:primaryType="nt:unstructured"
                                assetGroup="media"
                                assetMimetype="[text/html,application/vnd.adobe.contentfragment]"
                                droptarget="contentfragment"
                                resourceType="wknd-muzik/components/contentfragment"/>
                        </assetToComponentMapping>
                    </cq:authoring>
                </policy_1574694950110>
                <policy_1574695586800
                    jcr:description="Allows the page components and defines the component mapping (this configures what components should be automatically created when authors drop assets from the content finder to the page editor)."
                    jcr:lastModified="{Date}2020-10-16T19:51:25.819Z"
                    jcr:lastModifiedBy="patrick.mcloughlin@icfolson.com"
                    jcr:primaryType="nt:unstructured"
                    jcr:title="Page Content"
                    sling:resourceType="wcm/core/components/policy/policy"
                    backgroundColorEnabled="true"
                    backgroundImageEnabled="true"
                    components="[group:WKND MUZIK - Content,/apps/wknd-muzik/components/form/container]"
                    layoutDisabled="false">
                    <jcr:content
                        cq:lastReplicated="{Date}2020-10-17T01:42:44.549Z"
                        cq:lastReplicatedBy="kyle.justice@icfnext.com"
                        cq:lastReplicationAction="Activate"
                        jcr:mixinTypes="[cq:ReplicationStatus]"
                        jcr:primaryType="nt:unstructured"/>
                    <cq:authoring jcr:primaryType="nt:unstructured">
                        <assetToComponentMapping jcr:primaryType="nt:unstructured">
                            <mapping_1575030255082
                                jcr:primaryType="nt:unstructured"
                                assetGroup="media"
                                assetMimetype="image/*"
                                droptarget="image"
                                resourceType="wknd-muzik/components/image"/>
                            <mapping_1575030260142
                                jcr:primaryType="nt:unstructured"
                                assetGroup="content"
                                assetMimetype="text/html"
                                droptarget="experiencefragment"
                                resourceType="wknd-muzik/components/experiencefragment"/>
                            <mapping_1575030269139
                                jcr:primaryType="nt:unstructured"
                                assetGroup="media"
                                assetMimetype="[text/html,application/vnd.adobe.contentfragment]"
                                droptarget="contentfragment"
                                resourceType="wknd-muzik/components/contentfragment"/>
                        </assetToComponentMapping>
                    </cq:authoring>
                </policy_1574695586800>
                <policy_649128221558427
                    cq:styleDefaultElement="main"
                    jcr:description="Sets a &lt;main> element on the page content area."
                    jcr:primaryType="nt:unstructured"
                    jcr:title="Page Main"
                    sling:resourceType="wcm/core/components/policy/policy">
                    <jcr:content
                        cq:lastReplicated="{Date}2020-10-12T12:42:33.250Z"
                        cq:lastReplicatedBy="raf.winterpacht@icfnext.com"
                        cq:lastReplicationAction="Activate"
                        jcr:mixinTypes="[cq:ReplicationStatus]"
                        jcr:primaryType="nt:unstructured"/>
                </policy_649128221558427>
                <policy_1575040440977
                    jcr:description="Allows the template components and defines the component mapping (this configures what components should be automatically created when authors drop assets from the content finder to the page editor)."
                    jcr:lastModified="{Date}2020-10-16T19:43:01.408Z"
                    jcr:lastModifiedBy="patrick.mcloughlin@icfolson.com"
                    jcr:primaryType="nt:unstructured"
                    jcr:title="XF Root"
                    sling:resourceType="wcm/core/components/policy/policy"
                    backgroundColorEnabled="true"
                    backgroundImageEnabled="true"
                    components="[group:WKND MUZIK - Content,/apps/wknd-muzik/components/form/container,group:WKND MUZIK - Structure]"
                    layoutDisabled="false">
                    <jcr:content
                        cq:lastReplicated="{Date}2020-10-16T19:43:21.078Z"
                        cq:lastReplicatedBy="patrick.mcloughlin@icfolson.com"
                        cq:lastReplicationAction="Activate"
                        jcr:mixinTypes="[cq:ReplicationStatus]"
                        jcr:primaryType="nt:unstructured"/>
                    <cq:authoring jcr:primaryType="nt:unstructured">
                        <assetToComponentMapping jcr:primaryType="nt:unstructured">
                            <mapping_1575024218483
                                jcr:primaryType="nt:unstructured"
                                assetGroup="media"
                                assetMimetype="image/*"
                                droptarget="image"
                                resourceType="wknd-muzik/components/image"/>
                            <mapping_1575030843388
                                jcr:primaryType="nt:unstructured"
                                assetGroup="content"
                                assetMimetype="text/html"
                                droptarget="experiencefragment"
                                resourceType="wknd-muzik/components/experiencefragment"/>
                            <mapping_1575030853128
                                jcr:primaryType="nt:unstructured"
                                assetGroup="media"
                                assetMimetype="[text/html,application/vnd.adobe.contentfragment]"
                                droptarget="contentfragment"
                                resourceType="wknd-muzik/components/contentfragment"/>
                        </assetToComponentMapping>
                    </cq:authoring>
                </policy_1575040440977>
                <policy_7908970450601
                    cq:styleDefaultElement="div"
                    jcr:lastModified="{Date}2020-10-16T20:22:42.675Z"
                    jcr:lastModifiedBy="Sushma.Garg@icfnext.com"
                    jcr:primaryType="nt:unstructured"
                    jcr:title="WKND MUZIK-Container Policy"
                    sling:resourceType="wcm/core/components/policy/policy"
                    backgroundImageEnabled="true"
                    layoutDisabled="false">
                    <jcr:content
                        cq:lastReplicated="{Date}2020-10-17T01:42:44.549Z"
                        cq:lastReplicatedBy="kyle.justice@icfnext.com"
                        cq:lastReplicationAction="Activate"
                        jcr:mixinTypes="[cq:ReplicationStatus]"
                        jcr:primaryType="nt:unstructured"/>
                    <cq:styleGroups jcr:primaryType="nt:unstructured">
                        <item0 jcr:primaryType="nt:unstructured">
                            <cq:styles jcr:primaryType="nt:unstructured">
                                <item0
                                    cq:styleClasses="cmp-container--hero-banner"
                                    cq:styleId="1602871151497"
                                    cq:styleLabel="HeroBannerLeftContent"
                                    jcr:primaryType="nt:unstructured"/>
                                <item1
                                    cq:styleClasses="cmp-container--hero-banner cmp-container--hero-banner-right "
                                    cq:styleId="1602871308095"
                                    cq:styleLabel="HeroBannerRightContent"
                                    jcr:primaryType="nt:unstructured"/>
                                <item2
                                    cq:styleClasses="cmp-container--two-container"
                                    cq:styleId="1602871547083"
                                    cq:styleLabel="TwoContainerLayout"
                                    jcr:primaryType="nt:unstructured"/>
                                <item3
                                    cq:styleClasses="cmp-container--three-container"
                                    cq:styleId="1602871555396"
                                    cq:styleLabel="ThreeContainerLayout"
                                    jcr:primaryType="nt:unstructured"/>
                                <item4
                                    cq:styleClasses="cmp-container--banner-image-content"
                                    cq:styleId="1602871561383"
                                    cq:styleLabel="BannerImageContentAdjacent"
                                    jcr:primaryType="nt:unstructured"/>
                            </cq:styles>
                        </item0>
                        <item1
                            cq:styleGroupLabel="Top Margin"
                            jcr:primaryType="nt:unstructured">
                            <cq:styles jcr:primaryType="nt:unstructured">
                                <item0
                                    cq:styleClasses="margin-top-25"
                                    cq:styleId="1602872000628"
                                    cq:styleLabel="MarginTop25"
                                    jcr:primaryType="nt:unstructured"/>
                                <item1
                                    cq:styleClasses="margin-top-50"
                                    cq:styleId="1602872022077"
                                    cq:styleLabel="MarginTop50"
                                    jcr:primaryType="nt:unstructured"/>
                                <item2
                                    cq:styleClasses="margin-top-75"
                                    cq:styleId="1602872028242"
                                    cq:styleLabel="MarginTop75"
                                    jcr:primaryType="nt:unstructured"/>
                                <item3
                                    cq:styleClasses="margin-top-100"
                                    cq:styleId="1602872036929"
                                    cq:styleLabel="MarginTop100"
                                    jcr:primaryType="nt:unstructured"/>
                                <item4
                                    cq:styleClasses="margin-top-125"
                                    cq:styleId="1602872044305"
                                    cq:styleLabel="MarginTop125"
                                    jcr:primaryType="nt:unstructured"/>
                            </cq:styles>
                        </item1>
                        <item2
                            cq:styleGroupLabel="Bottom Margin"
                            jcr:primaryType="nt:unstructured">
                            <cq:styles jcr:primaryType="nt:unstructured">
                                <item0
                                    cq:styleClasses="margin-bottom-25"
                                    cq:styleId="1602872192477"
                                    cq:styleLabel="MarginBottom25"
                                    jcr:primaryType="nt:unstructured"/>
                                <item1
                                    cq:styleClasses="margin-bottom-50"
                                    cq:styleId="1602872202772"
                                    cq:styleLabel="MarginBottom50"
                                    jcr:primaryType="nt:unstructured"/>
                                <item2
                                    cq:styleClasses="margin-bottom-75"
                                    cq:styleId="1602872209353"
                                    cq:styleLabel="MarginBottom75"
                                    jcr:primaryType="nt:unstructured"/>
                                <item3
                                    cq:styleClasses="margin-bottom-100"
                                    cq:styleId="1602872217412"
                                    cq:styleLabel="MarginBottom100"
                                    jcr:primaryType="nt:unstructured"/>
                                <item4
                                    cq:styleClasses="margin-bottom-125"
                                    cq:styleId="1602872224239"
                                    cq:styleLabel="MarginBottom125"
                                    jcr:primaryType="nt:unstructured"/>
                            </cq:styles>
                        </item2>
                    </cq:styleGroups>
                </policy_7908970450601>
            </container>
            <teaser jcr:primaryType="nt:unstructured">
                <policy_1575031387650
                    jcr:description="Sets the title size to H3."
                    jcr:lastModified="{Date}2020-10-27T20:53:45.754Z"
                    jcr:lastModifiedBy="Sushma.Garg@icfnext.com"
                    jcr:primaryType="nt:unstructured"
                    jcr:title="Content Teaser"
                    sling:resourceType="wcm/core/components/policy/policy"
                    imageLinkHidden="true"
                    titleLinkHidden="true"
                    titleType="h3">
                    <jcr:content
                        cq:lastReplicated="{Date}2020-10-28T20:54:41.341Z"
                        cq:lastReplicatedBy="raf.winterpacht@icfnext.com"
                        cq:lastReplicationAction="Activate"
                        jcr:mixinTypes="[cq:ReplicationStatus]"
                        jcr:primaryType="nt:unstructured"/>
                    <cq:styleGroups jcr:primaryType="nt:unstructured">
                        <item0
                            cq:styleGroupLabel="Teaser Variants"
                            jcr:primaryType="nt:unstructured">
                            <cq:styles jcr:primaryType="nt:unstructured">
                                <item0
                                    cq:styleClasses="cmp-teaser--bg-text"
                                    cq:styleId="1602870415701"
                                    cq:styleLabel="TeaserBackgroundImage"
                                    jcr:primaryType="nt:unstructured"/>
                                <item1
                                    cq:styleClasses="cmp-teaser--img-text"
                                    cq:styleId="1602870435643"
                                    cq:styleLabel="TeaserImageText"
                                    jcr:primaryType="nt:unstructured"/>
                                <item2
                                    cq:styleClasses="cmp-teaser--border-text"
                                    cq:styleId="1602870467000"
                                    cq:styleLabel="TeaserBorderedNoImage"
                                    jcr:primaryType="nt:unstructured"/>
                                <item3
                                    cq:styleClasses="cmp-teaser--inline-text"
                                    cq:styleId="1602870489211"
                                    cq:styleLabel="TeaserInline"
                                    jcr:primaryType="nt:unstructured"/>
                            </cq:styles>
                        </item0>
                        <item1
                            cq:styleGroupLabel="PopularTag"
                            jcr:primaryType="nt:unstructured">
                            <cq:styles jcr:primaryType="nt:unstructured">
                                <item0
                                    cq:styleClasses="cmp-teaser--popular-tag"
                                    cq:styleId="1602870537125"
                                    cq:styleLabel="TeaserBorderedPopular"
                                    jcr:primaryType="nt:unstructured"/>
                            </cq:styles>
                        </item1>
                    </cq:styleGroups>
                </policy_1575031387650>
            </teaser>
            <download jcr:primaryType="nt:unstructured">
                <policy_1575032193319
                    jcr:description="Sets the title size to H3."
                    jcr:primaryType="nt:unstructured"
                    jcr:title="Content Download"
                    sling:resourceType="wcm/core/components/policy/policy"
                    allowUpload="false"
                    displayFilename="true"
                    displayFormat="true"
                    displaySize="true"
                    titleType="h3">
                    <jcr:content
                        cq:lastReplicated="{Date}2020-10-12T12:42:33.250Z"
                        cq:lastReplicatedBy="raf.winterpacht@icfnext.com"
                        cq:lastReplicationAction="Activate"
                        jcr:mixinTypes="[cq:ReplicationStatus]"
                        jcr:primaryType="nt:unstructured"/>
                </policy_1575032193319>
            </download>
            <page jcr:primaryType="nt:unstructured">
                <policy
                    jcr:description="Includes the required client libraries."
                    jcr:primaryType="nt:unstructured"
                    jcr:title="Generic Page"
                    sling:resourceType="wcm/core/components/policy/policy"
                    clientlibs="[wknd-muzik.dependencies,wknd-muzik.site]"
                    clientlibsJsHead="wknd-muzik.dependencies">
                    <jcr:content
                        cq:lastReplicated="{Date}2020-10-12T12:42:33.250Z"
                        cq:lastReplicatedBy="raf.winterpacht@icfnext.com"
                        cq:lastReplicationAction="Activate"
                        jcr:mixinTypes="[cq:ReplicationStatus]"
                        jcr:primaryType="nt:unstructured"/>
                </policy>
            </page>
            <separator jcr:primaryType="nt:unstructured">
                <policy_1602857463757
                    jcr:description="Separator policy for default styles and change alignment(default is left)"
                    jcr:lastModified="{Date}2020-10-16T19:01:08.913Z"
                    jcr:lastModifiedBy="Sushma.Garg@icfnext.com"
                    jcr:primaryType="nt:unstructured"
                    jcr:title="WKND MUZIK-Separator Policy"
                    sling:resourceType="wcm/core/components/policy/policy">
                    <jcr:content
                        cq:lastReplicated="{Date}2020-10-16T19:45:08.200Z"
                        cq:lastReplicatedBy="patrick.mcloughlin@icfolson.com"
                        cq:lastReplicationAction="Activate"
                        jcr:mixinTypes="[cq:ReplicationStatus]"
                        jcr:primaryType="nt:unstructured"/>
                    <cq:styleGroups jcr:primaryType="nt:unstructured">
                        <item0
                            cq:styleGroupLabel="Alignment"
                            jcr:primaryType="nt:unstructured">
                            <cq:styles jcr:primaryType="nt:unstructured">
                                <item0
                                    cq:styleClasses="cmp-separator--center"
                                    cq:styleId="1602857582965"
                                    cq:styleLabel="Center"
                                    jcr:primaryType="nt:unstructured"/>
                                <item1
                                    cq:styleClasses="cmp-separator--right"
                                    cq:styleId="1602857598195"
                                    cq:styleLabel="Right"
                                    jcr:primaryType="nt:unstructured"/>
                            </cq:styles>
                        </item0>
                        <item1
                            cq:styleGroupLabel="Bottom Margin"
                            jcr:primaryType="nt:unstructured">
                            <cq:styles jcr:primaryType="nt:unstructured">
                                <item0
                                    cq:styleClasses="margin-bottom-25"
                                    cq:styleId="1602874836261"
                                    cq:styleLabel="MarginBottom25"
                                    jcr:primaryType="nt:unstructured"/>
                                <item1
                                    cq:styleClasses="margin-bottom-50"
                                    cq:styleId="1602874839836"
                                    cq:styleLabel="MarginBottom50"
                                    jcr:primaryType="nt:unstructured"/>
                                <item2
                                    cq:styleClasses="margin-bottom-75"
                                    cq:styleId="1602874842886"
                                    cq:styleLabel="MarginBottom75"
                                    jcr:primaryType="nt:unstructured"/>
                                <item3
                                    cq:styleClasses="margin-bottom-100"
                                    cq:styleId="1602874846870"
                                    cq:styleLabel="MarginBottom100"
                                    jcr:primaryType="nt:unstructured"/>
                                <item4
                                    cq:styleClasses="margin-bottom-125"
                                    cq:styleId="1602874849950"
                                    cq:styleLabel="MarginBottom125"
                                    jcr:primaryType="nt:unstructured"/>
                            </cq:styles>
                        </item1>
                    </cq:styleGroups>
                </policy_1602857463757>
            </separator>
            <embed jcr:primaryType="nt:unstructured">
                <policy_1602857809274
                    jcr:description="Embed policy to add aspect-ratio(16:9) for you tube and embedded videos. "
                    jcr:lastModified="{Date}2020-10-16T18:53:33.548Z"
                    jcr:lastModifiedBy="Sushma.Garg@icfnext.com"
                    jcr:primaryType="nt:unstructured"
                    jcr:title="WKND MUZIK- Embed Policy"
                    sling:resourceType="wcm/core/components/policy/policy"
                    allowedEmbeddables="core/wcm/components/embed/v1/embed/embeddable/youtube"
                    embeddablesDisabled="false"
                    htmlDisabled="false"
                    urlDisabled="false">
                    <jcr:content
                        cq:lastReplicated="{Date}2020-10-16T19:45:08.200Z"
                        cq:lastReplicatedBy="patrick.mcloughlin@icfolson.com"
                        cq:lastReplicationAction="Activate"
                        jcr:mixinTypes="[cq:ReplicationStatus]"
                        jcr:primaryType="nt:unstructured"/>
                    <cq:styleGroups jcr:primaryType="nt:unstructured">
                        <item0 jcr:primaryType="nt:unstructured">
                            <cq:styles jcr:primaryType="nt:unstructured">
                                <item0
                                    cq:styleClasses="cmp-embed--aspect-ratio"
                                    cq:styleId="1602874356968"
                                    cq:styleLabel="AspectRatio16-9"
                                    jcr:primaryType="nt:unstructured"/>
                            </cq:styles>
                        </item0>
                    </cq:styleGroups>
                </policy_1602857809274>
            </embed>
            <carousel jcr:primaryType="nt:unstructured">
                <policy_1602857976485
                    cq:styleDefaultClasses="cmp-carousel--wknd-muzik"
                    jcr:description="Policy added with default class provided for Carousel."
                    jcr:lastModified="{Date}2020-10-16T14:21:39.118Z"
                    jcr:lastModifiedBy="Sushma.Garg@icfnext.com"
                    jcr:primaryType="nt:unstructured"
                    jcr:title="WKND MUZIK-Carousel Policy"
                    sling:resourceType="wcm/core/components/policy/policy"
                    autopauseDisabled="false"
                    autoplay="false"
                    delay="5000">
                    <jcr:content
                        cq:lastReplicated="{Date}2020-10-16T19:45:08.200Z"
                        cq:lastReplicatedBy="patrick.mcloughlin@icfolson.com"
                        cq:lastReplicationAction="Activate"
                        jcr:mixinTypes="[cq:ReplicationStatus]"
                        jcr:primaryType="nt:unstructured"/>
                </policy_1602857976485>
            </carousel>
            <button jcr:primaryType="nt:unstructured">
                <policy_1602858137268
                    jcr:description="Button Policy to create medium sized button and change the width to full. By Default small button will be created(with width according to content)."
                    jcr:lastModified="{Date}2020-10-16T18:26:56.957Z"
                    jcr:lastModifiedBy="Sushma.Garg@icfnext.com"
                    jcr:primaryType="nt:unstructured"
                    jcr:title="WKND MUZIK-Button Policy"
                    sling:resourceType="wcm/core/components/policy/policy">
                    <jcr:content
                        cq:lastReplicated="{Date}2020-10-16T19:45:08.200Z"
                        cq:lastReplicatedBy="patrick.mcloughlin@icfolson.com"
                        cq:lastReplicationAction="Activate"
                        jcr:mixinTypes="[cq:ReplicationStatus]"
                        jcr:primaryType="nt:unstructured"/>
                    <cq:styleGroups jcr:primaryType="nt:unstructured">
                        <item0
                            cq:styleGroupLabel="Button Variant"
                            jcr:primaryType="nt:unstructured">
                            <cq:styles jcr:primaryType="nt:unstructured">
                                <item0
                                    cq:styleClasses="cmp-button--medium"
                                    cq:styleId="1602872710265"
                                    cq:styleLabel="Button Medium"
                                    jcr:primaryType="nt:unstructured"/>
                            </cq:styles>
                        </item0>
                        <item1
                            cq:styleGroupLabel="Button Width"
                            jcr:primaryType="nt:unstructured">
                            <cq:styles jcr:primaryType="nt:unstructured">
                                <item0
                                    cq:styleClasses="cmp-button--full-width "
                                    cq:styleId="1602872719003"
                                    cq:styleLabel="Full Width"
                                    jcr:primaryType="nt:unstructured"/>
                            </cq:styles>
                        </item1>
                    </cq:styleGroups>
                </policy_1602858137268>
            </button>
        </components>
    </wknd-muzik>
</jcr:root>
